full,breakdown
#<U+043C><U+043E><U+0441><U+043A><U+043E><U+0432><U+0441><U+043A><U+0438><U+0439><U+0437><U+043E><U+043E><U+043F><U+0430><U+0440><U+043A>,
#<U+0441><U+0442><U+0440><U+0430><U+0439><U+043A><U+0431><U+043E><U+043B>,
#<U+0627><U+0644><U+0627><U+062A><U+062D><U+0627><U+062F>,
#<U+091C><U+092F><U+0936><U+094D><U+0930><U+0940><U+0915><U+0943><U+0937><U+094D><U+0923>,
#<U+092E>,
#<U+092E><U+093E><U+091D><U+093E><U+0915><U+094D><U+0932><U+093F><U+0915>,
#<U+092E><U+0940><U+092E><U+0930><U+093E><U+0920><U+0940>,
#<U+0935><U+0902><U+0926><U+0947><U+092E><U+093E><U+0924><U+0930><U+092E><U+094D>,
#<U+306B><U+3083><U+3093><U+3053>,
#<U+306B><U+3083><U+3093><U+3059><U+305F><U+3050><U+3089><U+3080>,
#<U+306D><U+3053>,
#<U+306D><U+3053><U+3059><U+305F><U+3050><U+3089><U+3080>,
#<U+306D><U+3053><U+306E><U+3048>,
#<U+306D><U+3053><U+90E8>,
#<U+306E><U+3093><U+307B><U+3044><U+30D1><U+30FC><U+30AF>,
#<U+3082><U+3075><U+3082><U+3075>,
#<U+30A2><U+30E0><U+30FC><U+30EB><U+30C8><U+30E9>,
#<U+30A4><U+30E9><U+30B9><U+30C8>,
#<U+30A6><U+30A3><U+30B6><U+30FC><U+30C9>,
#<U+30A8><U+30A2><U+30BD><U+30D5><U+30C8>,
#<U+30AA><U+30EA><U+30C8>,
#<U+30B8><U+30AA><U+30B8><U+30AA>,
#<U+30B9><U+30DE><U+30C8><U+30E9><U+30C8><U+30E9>,
#<U+30BA><U+30FC><U+30E9><U+30B7><U+30A2>,
#<U+30BF><U+30A4><U+30D0><U+30CB>,
#<U+30C1><U+30FC><U+30BF><U+30FC>,
#<U+30C6><U+30DF><U+30F3>,
#<U+30C8><U+30E9>,
#<U+30CD><U+30B3>,
#<U+30CF><U+30E4><U+30C6>,
#<U+30D3><U+30FC><U+30B9><U+30C8>,
#<U+30D5><U+30A1><U+30A4><U+30F3><U+30C0><U+30FC><U+8D8A><U+3057><U+306E><U+79C1><U+306E><U+4E16><U+754C>,
#<U+30DB><U+30EF><U+30A4><U+30C8><U+30BF><U+30A4><U+30AC><U+30FC>,
#<U+30DE><U+30EB><U+30C1><U+30C4><U+30FC><U+30EB>,
#<U+30E9><U+30A4><U+30AA><U+30F3>,
#<U+30ED><U+30FC><U+30E9>,
#<U+4EEE><U+9762><U+30E9><U+30A4><U+30C0><U+30FC><U+30B8><U+30AA><U+30A6>,
#<U+514E><U+864E>,
#<U+5199><U+771F>,
#<U+52D5><U+7269>,
#<U+52D5><U+7269><U+5712>,
#<U+5317><U+6D77><U+9053>,
#<U+53E3><U+81ED><U+79D1><U+5B66><U+304B><U+3089><U+751F><U+307E><U+308C><U+305F>,
#<U+53F0><U+6E7E>,
#<U+591A><U+6469><U+52D5><U+7269><U+516C><U+5712>,
#<U+5CA9><U+624B><U+30B5><U+30D5><U+30A1><U+30EA><U+30D1><U+30FC><U+30AF>,
#<U+65ED><U+5C71><U+52D5><U+7269><U+5712>,
#<U+6771><U+4EAC><U+30AB><U+30E1><U+30E9><U+90E8>,
#<U+6771><U+4EAC><U+4E8B><U+5909>,
#<U+6771><U+5C71><U+52D5><U+690D><U+7269><U+5712>,
#<U+732B>,
#<U+732B><U+30A4><U+30E9><U+30B9><U+30C8>,
#<U+732B><U+597D><U+304D>,
#<U+732B><U+751F><U+6D3B>,
#<U+751F><U+5B58>,
#<U+8150><U+5411><U+3051>,
#<U+8336><U+81FC><U+5C71><U+52D5><U+7269><U+5712>,
#<U+864E>,
#<U+8C4A><U+6A4B>,
#<U+91CE><U+751F><U+52D5><U+7269>,
#<U+91CE><U+9CE5>,
#<U+AC15><U+C2AC><U+AE30>,
#<U+B808><U+B4DC><U+BCA8><U+BCB3>,
#<U+C2AC><U+AE30>,
#<U+C5D0><U+C5B4><U+C18C><U+D504><U+D2B8>,
#<U+C774><U+D64D><U+AE30>,
#<U+CE58><U+D0C0>,
#<U+CE58><U+D0C0>],
#<U+D0DC><U+BBFC>,
#<U+D2B8><U+C640><U+C774><U+C2A4>,
#<U+D638><U+B791><U+C774>,
#…,
#1,
#12DaysOfPoseidon:,
#181009,
#1o5C,
#2018,
#2019,
#2a,
#2A,
#2ND_MINI_ALBUM,
#2ndAmendment,second amendment
#30DaysWild,days wild
#3D,
#4k,
#4x4,four-wheel drive
#5000MSL,
#500px,
#500pxrtg,
#a…,
#A…,
#AAACWildlifeRemoval,wildlife removal
#abstract,
#AbuDhabi,abu dhabi
#accessories,
#acrylic,
#acrylicpainting,acrylic painting
#action,
#ActOnClimate,act on climate
#Adopción,
#adopt,
#adoptanocompres,
#adoptdontshop,adopt don’t shop
#AdoptDontShop,adopt don’t shop
#adorable,
#adventure,
#Adventure,
#adventures,
#Adventures,
#AdventureTrailRunning,adventure trail running
#adventuretravel,adventure travel
#AdventureTravel,adventure travel
#africa,
#Africa,
#Africa's,
#Africa.,
#Africa’s,
#african,
#African,
#africansafari,africa safari
#AfricanSafari,africa safari
#africanwildlife,africa wildlife
#agriculture,
#Agriculture,
#AHAB,
#AI,
#Air,
#Airdrop,
#airsoft,
#airsoftgirl,airsoft girl
#alaska,
#Alaska,
#alberta,
#Alberta,
#AlbumPreview,
#ALERTcon,
#AlgonquinPark,algonquin park
#alligator,
#alligators,
#ama…,
#amazing,
#Amazing,
#AmazingWildlife,amazing wildlife
#amazon,
#Amazon,
#AmazonReview,amazon review
#america,
#America,
#American,
#AmericanIndian,american indian
#ammo,
#ammunition,
#amphibian,
#amphibians,
#amurtiger,amur tiger
#amwriting,am writing
#AncientWoodland,ancient woodland
#angler,
#angling,
#animal,
#Animal,
#animalabuse,animal abuse
#Animalabuse,animal abuse
#AnimalAbuse,animal abuse
#animalart,animal art
#animalbehaviour,animal behaviour
#animalcruelty,animal cruelty
#AnimalCruelty,animal cruelty
#AnimalCruelty!!!,animal cruelty
#animales,
#animales#cute,animals cute
#animalfact,animal fact
#animalkingdom,animall kingdom
#AnimalKingdom,animall kingdom
#animallove,animal love
#animallover,animal love
#animallovers,animal love
#AnimalLovers,animal love
#animallovers#pets_of_instagram,animal love pets of instagram
#animalmarch,animal march
#animalphotography,animal photography
#animalplanet,animal planet
#animalportrait,animal portrait
#animalprint,animal print
#animalrescue,animal rescue
#animalrights,animal rights
#AnimalRights,animal rights
#AnimalRights!!,animal rights
#AnimalRights<U+0001F43E>,animal rights
#animals,
#Animals,
#ANIMALS,
#animals.,
#animalsofinstagram,animal of instagram
#AnimalsToFallFor,animals to fall for
#animalwelfare,animal welfare
#AnimalWelfare,animal welfare
#AnimalWelfare.,animal welfare
#animation,
#animaux,
#Animaux,
#anime,
#Anipals,
#Antarctic,
#antarctica,
#Antarctica,
#antelope,
#anthro,
#antipoaching,anti-poaching
#antique,
#antiqueclique,antique clique
#antiques,
#antlers,
#apes,
#apparel,
#appicoftheweek,a pic of the week
#aquarium,
#ar15,
#archaeology,
#Archaeology,
#archery,
#Archery,
#architecture,
#archives,
#arctic,
#Arctic,
#Argentina,
#arizona,
#Arizona,
#Armenia.,
#armyfamily,army family
#aromainlove,aroma in love
#art,
#Art,
#ART,
#arte,
#artforourplanet,art for our planet
#artforsale,art for sale
#ArtificialIntelligence,artifical intelligence
#artist,
#Artist,
#artistic,
#ArtistOnTwitter,artist on twitter
#artists,
#artistsoninstagram,artist on instagram
#artistsontwitter,artist on twitter
#artoftheday,art of the day
#artprint,art print
#arts,
#artwork,
#asahiyamazoo,
#asia,
#Asia,
#aslan,
#asmsg,
#ASMSG,
#Assam,
#astrologie,
#Atlanta.,
#ATSocialMedia,
#audubon,
#audubonsociety,audobon society
#auspol,
#australia,
#Australia,
#Australian,
#autumn,
#Autumn,
#autumnwatch,autumn watch
#aves,
#avian,
#Avni,
#AwardWinningBook,award winning book
#awareness,
#Awareness,
#awesome,
#Awesome,
#axem40,
#b…,
#B2B,
#babies,
#baby,
#babyanimals,baby animals
#babyseal,baby seal
#babyshower,baby shower
#backpacking,
#backwoodslife,back woods life
#backyard,
#badger,
#Badger,
#badgercull,badger cull
#badgermonday,badger Monday
#BadgerMonday!,badger Monday
#badgers,
#Badgers,
#bag,
#bagheera,
#bahrain,
#Balance,
"#Balance,",
#Balance.,
#baldeagle,bald eagle
#balloon,
#ban,
#bancannedhunting,ban canned hunting
#BanCannedHunting,ban canned hunting
#bandipur,
#banhunting,ban hunting
#BanHunting,ban hunting
#banpalmoil,ban palm oil
#BanTr…,ban trophy hunting
#BanTrophyHun…,ban trophy hunting
#BanTrophyHunt…,ban trophy hunting
#bantrophyhunting,ban trophy hunting
#Bantrophyhunting,ban trophy hunting
#BanTrophyHunting,ban trophy hunting
#BANTROPHYHUNTING,ban trophy hunting
#Bantrophyhunting!,ban trophy hunting
#bantrophyhunting.,ban trophy hunting
#BanTrophyHunting.,ban trophy hunting
#bantrophyhunting”,ban trophy hunting
#BanTrophyHunting<U+0001F30D><U+0001F981>,ban trophy hunting
#barnowl,barn owl
#bass,
#bassfishing,bass fishing
#bat,
#bats,
#Bats,
#bbc,
#BBC,
#bbcearth,bbc earth
#bcpoli,
#Be…,
#beach,
#Beach,
#beaches,
#beachlife,beach life
#bear,
#Bear,
#bears,
#Bears,
#beast,
#BeastFromTheEast,beast from the east
#BeatPlasticPollution,beat plastic pollution
#beautiful,
#Beautiful,
#beautifulmunnar,beautiful munnar
#BeautifulPakistan,beautiful pakistan
#beauty,
#Beauty,
#beavers,
#becurious,be curious
#bee,
#beer,
#bees,
#Bees,
#beetle,
#BeHappy,be happy
#behaviour,
#BeingHuman,being human
#BeKindToElephants,be kind to elephants
#Bélier,
"#Bélier,",
#Believe,
#bengal,
#Bengal,
#BenShieldaig,
#BersamaMerawatAir,
#best,
#bestbirdshots,best bird shots
#bestfriends,best friends
#bestSTO,
#BeTheChange,be the change
#bevancouver,be vancouver
#Bhaijaan,
#bi…,
#big5,
#bigartboost,big art boost
#BigArtBoost,big art boost
#bigbuck,big buck
#bigbucks,big buck
#bigcat,big cat
#BigCat,big cat
#bigcats,big cat
#Bigcats,big cat
#BigCats,big cat
#BIGcats,big cat
#BIGCats,big cat
#BigCats!,big cat
"#BigCats,",big cat
#BigCats.,big cat
#bigcatsaboutthehouse,big cats about the house
#BigCatsAboutTheHouse,big cats about the house
#bigcatsofinstagram,big cats of instagram
#BigCatTweetOff,big cat tweet off
#bigfive,big five
#Biodiversité,
#biodiversity,
#Biodiversity,
"#biodiversity,",
#biodiversity.,
#biodiversity?,
#BiodiversityDay,biodiversity day
#BiodiversityDay!,biodiversity day
#biology,
#Biology,
#bird,
#Bird,
#bird_brilliance,bird brilliance
#birdart,bird art
#birddog,bird dog
#birder,
#birders,
#BirdHouse,bird house
#birding,
#Birding,
#birdlife,bird life
#birdlover,bird lover
#birdlovers,bird lover
#birdofprey,bird of prey
#birdphoto,bird photo
#birdphotography,bird photography
#BirdPhotography,bird photography
#birds,
#Birds,
"#birds,",
#birdsofindia,birds of india
#birdsofinstagram,birds of instagram
#birdsofprey,birds of prey
#BirdsOfPrey,birds of prey
#birdsoftwitter,birds of twitter
#birdstagram,bird instagram
#birdwatch,bird watch
#birdwatcher,bird watcher
#birdwatchers,bird watcher
#birdwatching,bird watching
#Birdwatching,bird watching
#BirdWatching,bird watching
#Birmingham,
#birthday,
#Birthday,
#bison,
#black,
#Black,
#blackandwhite,black and white
#blackandwhitephotography,black and white photography
#blackbear,black bear
#blackcat,black cat
#blackfriday,black Friday
#BlackPanther,black panther
#blade,
#blessed,
#BLM,
#Blockchain,
#blog,
#Blog,
#blogger,
#blogging,
#blue,
#bluepanda,blue panda
#bluetit,blue tit
#boat,
#boating,
#boats,
#bobcat,
#Bollywood,
#BoltonCoinBFCL,
#BonfireNight,bonfire night
#book,
#Book,
#bookboost,book boost
#books,
#borderwall,border wall
#BorderWall,border wall
#Bordèu,
#boreal,
#Boreal,
#Borneo,
#botanicgarden,botanic garden
#botany,
#botswana,
#Botswana,
#BountyCampaign,bounty campaign
#bow,
#bowandarrow,bow and arrow
#bowhunt,bow hunt
#bowhunter,bow hunter
#bowhunting,bow hunting
#Bowhunting,bow hunting
#bowseason,bow season
#bracelet,
#bracelets,
#brand,
#branding,
#Brazil,
#BREAKING,
#Breaking:,
#BREAKING:,
#BreconBeacons,brecon beacons
#Brexit,
#Brighton,
#BringOurRhinosBack,bring our rhinos back
#Bristol,
#Britain,
#British,
#britishbirds,british birds
#BritishColumbia,british columbia
#britishwildlife,british wildlife
#BritishWildlife,british wildlife
#brown,
#brushstroke,brush stroke
#bts,
#buck,
#bucketlist,bucket list
#Buckmasters,buck masters
#bucks,
#bude,
#Bude,
#BuenasTardes,
#BuenDia,
#BuenFinde,
#BuenFinDeSemana,
#BuenosDias,
#BuenosDiasATodos,
#buffalo,
#Buffalo,
#bug,
#bugout,
#bugs,
"#bullfighting!""",bull fighting
#bumblebee,
#bumblebees,
#bunny,
#bush,
#bushcraft,bush craft
#business,
#butterflies,
#Butterflies,
#butterfly,
#Butterfly,
#ButterflyWhisperer,butterfly whisperer
#c…,
#C…,
#Cabin,
#cabinlife,
#caccia,
#Cairngorms,
#Calgary,
#california,
#California,
#CaliforniaFires,california fires
#CaliforniaWildfires,california wildfires
#Cambodia,
#Cambridge's,
#camera,
#cameratrap,camera trap
#camo,
#camouflage,
#camp,
#camping,
#Camping,
#canada,
#Canada,
#Canada?<U+0001F92C><U+0001F1E8><U+0001F1E6>,
#canadianwildlife,canadian wildlife
#Cancer,
"#Cancer,",
#cannedhunting,canned hunting
#CannedHunting,canned hunting
#canon,
#Canon,
#CanonFavPic,canon favourite picture
#canonphotography,canon photography
#canonphotos,canon photo
#canonuk,canon uk
#CanTheCull,ban the cull
#canvas,
#Capricorne,
"#Capricorne,",
#captivity,
#CaptivityKills,captivity kills
#CaptivityKills;,captivity kills
#carbon,
#Carcassona,
#cardinal,
#cards,
#care,
#care2,
#carerescuetexas,
#CareyMulligan,carey mulligan
#Caribbean,
#caribou,
#cars,
#cartoon,
#cartoons,
#cat,
#Cat,
#cat!,
#catchandrelease,catch and release
#catdad,cat dad
#caterpillar,
#caterpillars,
#catgifts,cat gifts
#Catholic,
#catlady,cat lady
#catlife,cat life
#catlove,cat love
#CatLove,cat love
#catlover,cat lover
#catlovers,cat lover
#CatLovers,cat lover
#catloversclub,cat lover club
#catmom,cat mom
#catoftheday,cat of the day
#cats,
#Cats,
#cats#photooftheday,cat photo of the day
#cats.,
#cats_of_instagram,cat of instagram
#catsagram,
#CatsandKittens,cat and kitten
#catslover,cat lover
#catsoffacebook,cat of facebook
#catsofinstagram,cat of instagram
#catsoftwitter,cat of twitter
#CatsOfTwitter,cat of twitter
#catsrule,cats rule
#catstagram,cat instagram
#cattle,
#caturday,cat Saturday
#Caturday,cat Saturday
#Caturday!,cat Saturday
#caza,
#Caza,
#CCUK4S,
#cdnpoli,
#Cecil,
#CecilBetrayed,cecil betrayed
#CecilTheLion,cecil the lion
"#CecilTheLion,",cecil the lion
#celebrating,
#cephalopod,
#CFS7489,
#change,
#character,
#characterdesign,character design
#charcoal,
#charity,
#Charity,
#charitytuesday,charity Tuesday
#CharityTuesday,charity Tuesday
#chasse,
#chat,
#cheetah,
#Cheetah,
#CHEETAH,
"#Cheetah,",
#cheetahs,
#Cheetahs,
#Cherokee,
#CherokeeNation,cherokee nation
#Cheshire,
#chfpphotography,chfp photography
#children,
#Children,
#Childrens,
#childrensbooks,childrens book
#ChildrensBooks,childrens book
#Chile,
#chimpanzee,
#chimpanzees,
#china,
#China,
"#China,",
"#China...$2,500",
#Chinese,
#ChineseZoos,chinese xoon
#chiroptera,
#chitral!,
#christmas,
#Christmas,
#Christmas2018,christmas 2018
#christmascards,christmas cards
#christmasgifts,christmas gifts
#ChristmasIsComing,christmas is coming
#chytrid,
#circulareconomy,circular economy
#circus,
#Circus,
#Circuses,
"#Circuses,",
#CITES,
#cities,
#citizenscience,citizen science
#CitizenScience,citizen science
#city,
#CityofTO,city of toronto
#civilisation<U+0001F914>,civilisation
#cleanair,clean air
#CleanEnergy,clean energy
#CleanSeas,clean seas
#cleanwater,clean water
#climate,
#Climate,
#climateaction,climate action
#ClimateAction,climate action
#climatechange,climate change
#Climatechange,climate change
#ClimateChange,climate change
"#climatechange,",climate change
#climatechange.,climate change
#ClimateChange.,climate change
#ClimateChangeIsReal,climate change is real
#climbing,
#closeup,close up
#clothes,
#clothing,
#clouds,
#CNN,
#coast,
#coastal,
#coexist,
#coexistence,
#coffee,
#coffeeholic,
#coffeemorning,coffee morning
#coffeemug,coffee mug
#coffeeshop,coffee shop
#coffeetime,coffee time
#cold,
#colinhabbott,
#colinhughabbott,
#collaboration,
#collectibles,
#Colombia,
#color,
#colorado,
#Colorado,
#colorful,
#Colorful,
#colors,
#colour,
#comedy,
#comeoutandplay,come out and play
#comic,
#comics,
#comicstrip,comic strip
#commission,
"#commission,",
#communities,
#community,
#Community,
#compassion,
#CompassionIsNotACrime,compassion is not a crime
#CompassionOverCruelty,compassion over cruelty
#competition,
#conceptart,concept art
#confetti,
#conflict,
#Congo,
#Congress,
#Connect2Earth,connect to earth
#connect2life,connect to life
#connectivity,
#conse…,
#conservation,
#Conservation,
#CONSERVATION,
#CONservation,
#conservation--and,conservation and
#conservation!,
"#conservation,",
"#Conservation,",
#conservation.,
#Conservation.,
#conservation:,
#conservation?,
#conservation…,
#CONservationLies,conservation lies
#CONservationLIES,conservation lies
#conservationoptimism,conservation optimism
#ConservationOptimism,conservation optimism
#conserve,
#Constitution,
#contemporaryart,contemporary art
#contest,
#cooking,
#Cooking,
#cool,
#Cool,
#CoP18,
#COP18,
#CoP18.,
#cop21,
#cop24,
#coral,
#coralreef,coral reef
#coralreefs,coral reef
#Cornercard,corner card
#cornwall,
#Cornwall,
#corruption,
#Corruption,
#corvid,
#costarica,
#CostaRica,costa rica
#cougar,
#CountdownToCarnage,countdown to carnage
#country,
#countryboy,country boy
#countryfile,
#countrylife,
#countrymusic,country music
#countryside,
#Countryside,
#countrystyle,country style
#courage,
#cowboy,
#cows,
#coyote,
#coyotes,
#cr4u,
#craft,
#Craft,
#crafts,
#crazycatlady,crazy cat lady
#creative,
#creature,
#creatures,
#crime,
#crocodile,
#crossbow,
#crow,
#crowdfunding,
#cruelty,
#crueltyfree,cruelty free
#cub,
#Cub,
#cubs,
#Cubs,
#culture,
#Cumbria,
#curious,
#custom,
#cute,
#Cute,
#cuteanimals,cute animals
#cutecat,cute cat
#CuteCat,cute cat
#cutecats,cute cat
#CuteCats,cute cat
#cuteness,
#cutenessoverload,cuteness overload
#cutie,cute
#cutout,cut out
#CyberMonday,cyber Monday
#cycling,
#D…,
#dad,
#dailyart,daily art
#dailybaldeagle,daily bald eagle
#dailyprofit,daily profit
#daretocare,dare to care
#dark,
#data,
#DaylightSavings,daylight savings
#deals,
#decor,
#Decor,
#decoration,
#deeplearning,deep learning
#deepmind,
#deer,
#Deer,
#deerhunting,deer hunting
#DeerHunting,deer hunting
#deers,
#deerseason,deer season
#deforestation,
#Deforestation,
#democracy,
#Democrats,
#Denver,
#Derbyshire,
#desert,
#design,
#Design,
#designer,
#desktop,
#development,
#Development,
#devon,
#Devon,
#devonhour,
#Diabetes,
#DíaMundialdelaVidaSilvestre,
#DíaMundialdelaVidaSilvestre!,
#DidYouKnow,did you know
#digital,
#digitalart,digital art
#DigitalArt,digital art
#digitalpainting,digital painting
#dinner,
#dinosaur,
#Disable,
#discover,
#Discover,
#discovery,
#disney,
#dive,
#diversesharks,diverse sharks
#diversity,
#diving,
#documentary,
#doe,
#dog,
#Dog,
#dogs,
#Dogs,
#dogsofinstagram,dogs of instagram
#dogsoftwitter,dogs of twitter
#dolphin,
#dolphinaria,
#dolphins,
#Dolphins,
#donate,
#DOnDO,
#DontBuyATicket,don’t buy a ticket
#dontshootelephants,don’t shoot elephants
#doodle,
#DoOneThingToday,do one thing today
#Dorset,
#dove,
#downunder,
#dragon,
#dragonfly,
#draw,
#drawing,
#drawings,
#DRC,
#dream,
#Dream,
#dreamer,
#dress,
#drone,
#drones,
#Drones,
#drought,
#Dubai,
#duck,
#Duck,
#duckhunting,duck hunting
#ducks,
#Ducks,
#DumSpiroSpero,
#DYK,
#DYK?,
#Dynasties,
#e…,
#eagle,
#Eagle,
#eagles,
#Eagles,
#earth,
#Earth,
#earthcapture,earth capture
#EarthCapture,earth capture
#earthday,earth day
#EarthDay,earth day
"#EarthDay,",earth day
#EarthDay2018,earth day
#earthfocus,earth focus
#Easter,
#eating,
#ebay,
#ebayseller,ebay seller
#Ebooks,
#Ebooks<U+0001F4AB>#FREE,ebooks free
#eco,
#ecocide,
#ecofriendly,eco friendly
#ecology,
#Ecology,
"#ecology,",
#economics,
#economy,
#ecosystem,
#Ecosystem,
#ecosystems,
#Ecosystems,
#ecotourism,
#Ecotourism,
#ecuador,
#Ecuador,
#edc,
#Edinburgh,
#educate,
#education,
#Education,
#educational,
#Educational,
#egret,
#elefante,
#elephant,
#Elephant,
#ELEPHANT,
"#Elephant!""",
#Elephant!”,
"#Elephant,",
#ElephantInTheRoom,elephant in the room
#elephantlove,elephant love
#elephantlover,elephant lover
#elephants,
#Elephants,
#Elephants!,
"#elephants,",
"#Elephants,",
#elk,
#elkhunting,elk hunting
#emu,
#endangered,
#Endangered,
#endangeredspecies,endangered species
#EndangeredSpecies,endangered species
#EndangeredSpeciesAct,endangered species act
"#EndangeredSpeciesAct,",endangered species act
#EndangeredSpeciesDay,endangered species day
#EndangeredSpeciesDay!,endangered species day
#EndPoaching,end poaching
#EndTrophyHunting,end trophy hunting
#endwildlifecrime,end wildlife crime
#EndWildlifeCrime,end wildlife crime
#EndWildlifeCrime!,end wildlife crime
#EndWildlifeTrafficking,end wildlife trafficking
#energy,
#Energy,
#england,
#England,
#enrichment,
#enter,
#entomology,
#Entomology,
#entrepreneur,
#Entrepreneur,
#ENV,
#enviornment,
#environment,
#Environment,
"#environment,",
#environment.,
#environmental,
#Environmental,
#environnement,
#equestrian,
#ESA,
#eShopsUK,
#España,
#ethical,
#ethics,
#etsy,
#Etsy,
#etsyseller,etsy seller
#etsyshop,etsy shop
#EU,
#Europe,
#event,
#Everglades,
#evolution,
#exhibition,
#exoticanimals,exotic animals
#experience,
#exploration,
#explore,
#Explore,
#explorebc,explore british colombia
#ExploreCanada,explore canada
#exploremunnar,explore munnar
#exploring,
#Exports,
#exposetrophyhunters,expose trophy hunter
#ExposeTrophyHunting,expose trophy hunting
#exterior,
#extinct,
#extinct.,
#EXTINCTIO…,extinction
#extinction,
#Extinction,
#EXTINCTION,
"#extinction,",
#extinction.,
#extinctionisforever,extinction is forever
#ExtinctionIsForever,extinction is forever
#ExtinctionRebellion,extinction rebellion
#eye,
#eyes,
#facebook,
#Facebook,
#facts,
#faith,
#falcon,
#falconry,
#fall,
#family,
#Family,
#familytravel,family travel
#fanart,
#fantasy,
#fantasyart,fantasy art
#farm,
#FarmBill,farm bill
#farmers,
#farming,
#Farming,
"#farming,",
"#Fascism,",
#fashion,
#Fashion,
#fashionista,
#fathersday,fathers day
#fauna,
#Fauna,
#fawn,
#FBR,
#feathers,
#feedthebirds,feed the birds
#FeelsGoodToBeHome,feels good to be home
#feline,
#FelizDia,
#FelizDomingo,
#FelizFinDeSemana,
#FelizJueves,
#FelizLunes,
#FelizMartes,
#FelizMiercoles,
#FelizTarde,
#FF,
#FFF,
#fieldwork,
#fight,
#film,
#FindYourPark,find your park
#fineart,fine art
#FineArt,fine art
#FineArtAmerica,fine art america
#fineartphotography,fine art photography
#Finland,
#fire,
#firearms,
#Firearms,
#fish,
#Fish,
#fisheries,
#fisherman,
#fishermen,
#fishing,
#Fishing,
"#fishing,",
#fishingday,fishing day
#fishingislife,fishing is life
#fishinglife,fishing life
#fishingtrip,fishing trip
#fishingusa,fishing usa
#fitness,
#Fitness,
#fixedblade,fixed blade
#flamingo,
#flamingos,
#FlashbackFriday,flashback Friday
#flickr,
#flight,
#flora,
#Flora,
#florida,
#Florida,
#flower,
#flowers,
#Flowers,
#fluffy,
#fly,
#flyfishing,fly fishing
#flying,
#follow,
#Follow,
#FOLLOW,
#followme,follow me
#followvintage,follow vintage
#FollowVintage,follow vintage
#food,
#Food,
#Foodie,
#foodporn,food porn
#football,
#forest,
#Forest,
#forestry,
#forests,
#Forests,
"#forests,",
#Forhim,for him
#forsale,for sale
#ForSale,for sale
#Foto,
#fotografia,
#fox,
#Fox,
#foxes,
#Foxes,
#foxhunting,fox hunting
#FoxHunting,fox hunting
#france,
#France,
#free,
#FREE,
#FreebieFriday,freebie Friday
#freedom,
#Freedom,
#freshwater,
#friday,
#Friday,
#fridayfeeling,Friday feeling
#FridayFeeling,Friday feeling
#FridayFreebie,Friday freebie
#FridayMotivation,Friday motivation
#friend,
#friends,
#Friends,
#friendship,
#frienship,
#frog,
#frogs,
#frontline,
#FTISLAND's,
#fun,
#Fun,
#fundraising,
#fungi,
#funny,
#Funny,
#funnycat,funny cat
#funnyshit,funny shit
#fur,
"#Fur,",
#furry,
#Furry,
#furryart,furry art
#furryfandom,furry fandom
#fursuit,fur suit
#future,
#Gadgets,
#Galapagos,
#gallery,
#game,
#gamedrive,game drive
#gamer,
#games,
#gaming,
#garden,
#Garden,
#gardenbirds,garden birds
#gardening,
#Gardening,
#gardens,
#Gasconha,
#gato,
#gatos,
#Gatos,
#gay,
#gear,
#geek,
#geese,
#Gémeaux,
"#Gémeaux,",
#Gémeaux.,
#gemstone,
#genetics,
#genome,
#genomics,
#germany,
#Germany,
#getoutdoors,get outdoors
#getoutside,get outside
#GetOutside,get outside
#Ghost,
#gift,
#giftidea,gift idea
#giftideas,gift idea
#gifts,
#Gifts,
#giftsforcatlovers,gifts for cat lovers
#giftsforcatpeople,gifts for cat people
#giftsforher,gifts for her
#GilgitBaltistan,
#Gir,
#giraffe,
#Giraffe,
"#Giraffe,",
#Giraffe?,
#giraffes,
#Giraffes,
#girl,
#GIS,
#giveaway,
#Giveaway,
#GIVEAWAY,
#GivingTuesday,giving Tuesday
#glass,
#GlobalGoals,global goals
#GlobalTigerDay,global tiger day
#globalwarming,global warming
#GlobalWarming,global warming
#GMFER,
#goals,
#goat,
#God,
#godsowncountry,gods own country
#gogreen,go green
#GoGreen,go green
#Gojal,
#gold,
#Gold,
#goldfinch,
#golf,
#Golf,
#GOLF,
#goodafternoon,good afternoon
#goodmorning,good morning
#GoodMorning,good morning
#GoodNight,good night
#goose,
#goosehunting,goose hunting
#GOP,
#gorilla,
#Gorilla,
#gorillas,
#Gorillas,
#gotrails,go trails
#gottaluvanimals,got to love animals
#GottaLuvNature<U+2764><U+FE0F>,got to love nature
#govegan,go vegan
#GoVegan,
#government,
#Government,
#GPS,
#GR,
#graffiti,
#GrandTetons,
#graphicdesign,graphic design
#graphite,
#grass,
#grateful,
#Gravenhurst,
#greatapes,great apes
#greatoutdoors,great outdoors
#green,
#Green,
#greenjobs,green jobs
#GreenSpaceTips,green space tips
#greetingcard,greeting card
#GreyWolf,grey wof
#grizzly,
#Gujarat,
#gun,
#Gun,
#guns,
#Guns,
#gym,
#habitat,
#Habitat,
#HabitatLoss,habitat loss
"#HabitatLoss,",habitat loss
#habitats,
"#habitats,",
#Hairy,
#halloween,
#Halloween,
#handcrafted,hand-crafted
#handdrawn,hand drawn
#handmade,
#Handmade,
#handmadehour,handmade hour
#happiness,
#happy,
#HappyBirthday,happy birthday
#happybirthdaykimtaeyhung,happy birthday
#HappyBirthdayNTR,happy birthday
#HappyBirthdaySalmanKhan,happy birthday
#HappyDay,happy day
#HappyFriday,happy Friday
#HappyMonday,happy Monday
#HappyNewWeek,happy new week
#HappySunday,happy Sunday
#HappyWeekend,happy weekend
#HARCC,
#hare,
#Hare,
#hares,
#harvestmice,harvest mice
#Hawaii,
#hawk,
#hd,
#He,
#health,
#Health,
#healthy,
#heart,
#heatwave,
#HeatWave2018,heatwave 2018
#hedgehog,
#Hedgehog,
#hedgehogs,
#Hedgehogs,
#hedgerows,
#Helenparryart,
#hellobc,hello british colombia
#help,
#HelpWildlife,help wildlife
#heritage,
#Heritage,
#heron,
#herpetology,
#Higashiyamazoo,
#hike,
#Hike,
#hiking,
#Hiking,
#hikingadventures,hiking adventures
#hillstation,hill station
#Himalayas,
#hiphop,hip hop
#hippo,
#Hiring,
#hiring!,
#historic,
#history,
#History,
#hlrbo,
#hoghunting,hog hunting
#holiday,
#Holiday,
#holidays,
#home,
#Home,
#home.,
#homedecor,home décor
#HomeDecor,home décor
#homesteading,home steading
#honeybees,honey bees
#honeymoon,
#HongKong,honk kong
#hoodie,
#hope,
#Horn,
#horoscope,
#Horoscope,
#horse,
#horses,
#Horses,
#Hostile,
#hot,
#hotel,
#houston,
#Hove,
#Hrithik,
#htx,
#human,
#humanity,
#Humanity,
#HumanRights,human rights
#humans,
#HumanWildlifeConflict,human wildlife conflict
"#HumanWildlifeConflict,",human wildlife conflict
#hummingbird,
#hummingbirds,
#humor,
#hungry,
#hunt,
#Hunt,
#hunter,
#Hunter,
#hunters,
#Hunters,
#hunting,
#Hunting,
#HUNTING,
"#hunting,",
#hunting.,
#hunting…,
#huntingdog,hunting dog
#huntinggear,hunting gear
#huntingislife,hunting is life
#HuntingKills,hunting kills
#huntinglife,hunting life
#huntingseason,hunting season
#huntress,
#Huntsville,
#Hyderabad,
#hyena,
#IAM,
#ian1,
#Ibex,
#ice,
#Iceland,
#ICYMI,
#Idaho,
#IDontUnderstandPeopleWho,I don’t understand people who
#ig,
#igers,
#illegal,
#illegalwildlifetrade,illegal wildlife trade
#IllegalWildlifeTrade,illegal wildlife trade
#illhueminati,
#illustration,
#illustrations,
#illustrator,
#ilovebc,I love british colombia
#ilovecat,I love cat
#ilovecats,I love cat
#Ilovecats,I love cat
#ILoveCats,I love cat
#ilovecats…,I love cat
#Ilovedog,I love dog
#ilovemycat,I love my cat
#image,
#Imagine,
#impalas,
#iNat,
#incredibleindia,incredible india
#IncredibleIndia,incredible india
#india,
#India,
#India's,
#India.,
#Indian,
#IndieArtBlast,indie art blast
#indigenous,
#Indigenous,
#IndigenousPeople,indigenous people
#Indivisible,
#indonesia,
#Indonesia,
#IndyCar,
#infrastructure,
#Injun101,
#ink,
#inkdrawing,ink drawing
#inktober,ink october
#inktober2018,ink october 2018
#innovation,
#insect,
#insects,
#InspectAndCollect,inspect and collect
#inspiration,
#Inspiration,
#inspirational,
#Inspirational,
#inspire,
#inspiring,
#instabird,instagram bird
#instacat,instagram cat
#instacats,instagram cat
#instadaily,instagram daily
#instago,instagram go
#instagood,instagram good
#instagram,
#Instagram,
#instagramcats,instagram cats
#instalife,instagram life
#instanature,instagram nature
#instapet,instagram pet
#instapic,instagram pic
#instatravel,instagram travel
#insurance,
#interiordesign,interior design
#interiors,
#Interiors,
#international,
#InternationalCatDay,international cat day
#InternationalCatDay!,international cat day
#InternationalCheetahDay,international cheetah day
#InternationalPolarBearDay,international polar bear day
#InternationalPolarBearDay!,international polar bear day
#InternationalSnowLeopardDay,insternational snow leopard day
#InternationalTigerDay,international tiger day
#InternationalWomensDay,international women day
#InternationalZebraDay,international zebra day
#IntlBiodiversityDay,international biodiversity day
#IntlBiodiversityDay!,international biodiversity day
#IntlBiodiversityDay.,international biodiversity day
#invasive,
#invasivespecies,invasive species
#InvasiveSpecies,invasive species
#Invention,
#IoT,
#IPACE,
#iphone,
#iPhone,
#iPhoneX,
#iPhoneXS,
#iProtectBigCats,I protect big cats
#Iran,
#ireland,
#Ireland,
#Irene,
#island,
#Island,
#islands,
#italy,
#Italy,
#IUCN,
#ivory,
#Ivory,
#ivory!!,
"#ivory,",
"#Ivorytrade,",ivory trade
#iwatesafaripark,iwate safari park
#IWD2019,
#IWT,
#jacket,
#jagd,
#jaguar,
#Jaguar,
#jaguar!,
"#jaguar,",
#jaguars,
#Jaguars,
#JaiLavaKusa,
#JakeGyllenhaal,
#jakt,
#JaneGoodall,
#japan,
#Japan,
#Japanese,
#Jarrahdale,
#Jesus,
#jewellery,
#jewelry,
#job,
#Job,
#jobs,
#Jobs,
#joy,
#jungle,
#Jungle,
#justice,
#justice<U+0001F914>,
#kabini,
#kakapo,
#kakapo2019,
#kakaporecovery,kakapo recovery
#kangaroo,
#kangaroos,
#Kangaroos,
#kangseulgi,
#Karma,
#karnataka,
#Karnataka,
#Katyayan,
#katze,
#kawaii,
#kayak,
#kayaking,
#Keely,
#keepitpublic,keep it public
#KeepItWild,keep it wild
#keeptheban,keep the ban
#KeepTheBan,keep the ban
#KeepWildlifeInTheWild,keep wildlife in the wild
#kenya,
#Kenya,
#Kenya.,
#Keralatourism,kerala tourism
#Kernow,
#kestrel,
#Kestrel,
#khou11,
#kidlit,
#Kidlit,
#kidlitart,
#kids,
#Kids,
#KillingIsNOTConservation,killing is not conservation
#kimtaeyhung,
#Kindle,
#Kindlebook,
#kindleunlimited,
#KindleUnlimited.,
#kindness,
#KindnessMatters,
#king,
#King,
#kingfisher,
#kingofthejungle,
#kings_birds,
#Kisses,
#Kit,
#kitten,
#Kitten,
#kittens,
#Kittens,
#kitties,
#kitty,
#Kitty,
#kittycat,
#kittyprettygifts,kitty pretty gifts
#knife,
#knifecommunity,knife community
#knives,
#Knives,
#koala,
#koalas,
#kpop,
#kpopfanart,
#KristenWiig,
#kruger,
#Kruger,
#krugernationalpark,kruger national park
#KrugerNationalPark,kruger national park
#ksa,
#ku,
#l…,
#la,
#LA,
#lake,
#LakeDistrict,lake district
#LALATE,
#LameDuck,
#land,
#Land,
#landscape,
#Landscape,
"#landscape,",
#landscapephotography,landscape photography
#landscapes,
#Landscapes,
#landtrust,
#largemouth,large mouth
#largemouthbass,large mouth bass
#law,
#Law,
#leadership,
#learning,
#leather,
#leaves,
#LEEHONGGI,
#LeeHongKi,
#Lemòtges,
#lemur,
#lemurs,
#Lengadòc,
#leo,
#leon,
#leone,
#leopard,
#Leopard,
#LEOPARD,
#léopard,
"#leopard,",
"#Leopard,",
#leopard.,
#leopardprint,leopard print
#leopards,
#LetAvniLive,
#life,
#Life,
#LifeBelowWater,life below water
#LifeBelowWater.,life below water
#lifestyle,
#LifeUnderWater,life under water
#light,
#like,
#Like,
#like4like,life for like
#lion,
#Lion,
#LION,
"#lion,",
"#Lion,",
#lion.,
#Lion.,
#Lion...,
#lion…,
#lioncub,lion cub
#lioness,
#Lioness,
#lionking,lion king
#lions,
#Lions,
#Lions!,
"#lions,",
#lionsgold,lion gold
#LIONSGOLD,lion gold
#liontattoo,lion tattoo
#Lithium,
#litter,
#live,
#livestock,
#lizard,
#lizards,
#lka,
#local,
#logging,
#logo,
#lol,
#LOL,
#lolcats,
#london,
#London,
#LongLiveTheKing,long live the king
#losangeles,los angeles
#love,
#Love,
#loveanimals,love animals
#LoveAnimals,love animals
#LoveBadgers,love badgers
#lovebats,love bats
#lovecats,love cats
#lovely,
#lovenature,love nature
#lovewildlife,love wildlife
#LTCartoons,
#luvnature,love nature
#luxury,
#Luxury,
#luxurysafari,luxury safari
#luxurytravel,luxury travel
#LWCF,
#lynx,
#Lynx,
#machinelearning,machine learning
#macro,
#macrophotography,macro photography
#madagascar,
#Madagascar,
#MadhyaPradesh,
#Madrid,
#MAGA,
#magic,
#Magic,
#magical,
#magicalkenya,magical kenya
#MagicalKenya,magical kenya
#Maharashtra,
#Maine,
#majestic,
#MakeADifference,make a difference
#makeup,make up
#Malawi,
#Malaysia,
#Maldives,
#male,
#mallard,
#mammal,
#mammals,
#man,
#management,
#ManAnimalConflict,man animal conflict
#mancave,man cave
#Mancave,man cave
#ManCave,man cave décor
#ManCaveDecor,
#Manchester,
#mangroves,
#manta,
#Manuela,
#MariaJohnsen,
#marine,
#Marine,
#marinebiology,marine biology
#marineconservation,marine conservation
#marinelife,marine life
#MarineLife,marine life
#MarineSpecies,marine species
#MarineSpeciesOnStamps,marine species on stamps
#marketing,
#markhor,
#Marselha,
#marsupials,
#masaimara,masai mara
#MasaiMara,masai mara
#Mascot,
#Mascotas,
#Mascottes,
#massacre,
#Mastercard,
#Masters,
#mayathejaguar,maya the jaguar
#mdm,
#me,
#meat,
#media,
#meditation,
#meerkat,
#meme,
#memes,
#memories,
#mentalhealth,mental health
#meow,
#meowmeow,meow
#mercy,
#metoo,
#mexico,
#Mexico,
#Michigan,
#Middleschool,middle school
#migration,
#military,
#Military,
#Millennials,
#milsim,
#mimicry,
#mindset,
#mining,
#Minnesota,
#Mission_Kill4Fun,
#model,
#models,
#mom,
#monarch,
#monarchbutterflies,monarch butterflies
#MonarchButterflies,monarch butterflies
#monday,
#MondayMorning,monday morning
#mondaymotivation,monday motivation
#MondayMotivation,monday motivation
#MondayMotivaton,monday motivation
#money,
#Mongolia,
#mongoose,
#monkey,
#monkeys,
#monochrome,
#montana,
#Montana,
#Montpelhièr,
#mood,
#moon,
#moonlight,
#moose,
#Moose,
#morning,
#moth,
#mother,
#mothernature,mother nature
#mothers,
#MothersDay,mothers day
#moths,
#motivation,
#Motivation,
#motivationmonday,motivation Monday
#mountain,
#Mountain,
#mountainlion,mountain lion
#mountains,
#Mountains,
#mouse,
#movement,
#movie,
#Mozambique,
#MrLumpyandFriends,
#Mudumalai,
#Mueller,
#Mufasa,
#muledeer,mule deer
#multitools,
#Mumbai,
#munnarresorts,
#murmuration,
#Murmuration.,
#museum,
#museums,
#music,
#Muskoka,
#musthave,must have
#musthaves,must have
#mustread,must read
#MustRead,must read
#Myanmar,
#myart,my art
#mycat,my cat
#mykerala,
#mystery,
#na…,
#Nagarahole,
#Nairobi,
#nameandshame,name and shame
#namibia,
#Namibia,
#Narbona,
#nascar,
#natgeo,national geographic
#NatGeo,national geographic
#natgeohub,national geographic
#natgeotravel,national geographic travel
#natgeowild,national geographic wild
#NatGeoWild,national geographic wild
#natgeoyourshot,national geographic
#National,
#NationalCatDay,national cat day
#nationalgeographic,national geographic
#NationalGeographic,national geographic
#nationalpark,national park
#NationalPark,national park
#nationalparks,national park
#NationalParks,national park
#NationalPride,national pride
#nationaltrust,national trust
#NationalTrust,national trust
#NationalWildlifeDay,national wildlife day
#native,
#Native,
#NativeAmerican,native american
#NativeAmericanWarriors,native american warriors
#NativeCrafts,native crafts
#NativeHope,native hope
#NativeTwitter,native twitter
#natur,nature
#natura,nature
#natural,
#Natural,
#naturalbeauty,natural beauty
#naturaleza,
#Naturaleza,
#naturalhistory,natural history
#naturalworld,natural world
#nature,
#Nature,
"#nature,",
#nature.,
#nature_brilliance,nature  brilliance
#nature_perfection,nature perfection
#nature_shooters,nature shooters
#nature…,
#natureaddict,nature addict
#natureart,nature art
#naturecuts,nature cut
#NatureIsBeautiful,nature is beautiful
#naturelover,nature lover
#naturelovers,nature lover
#naturephoto,nature photo
#NaturePhotoDaily,nature photo daily
#naturephotography,nature photography
#NaturePhotography,nature photography
#NatureReserve,nature reserve
#NaturesCalendar,nature calender
#natureza,
#Navigation,
#necklace,
#Necklace,
#necoya,
#neko,
#nepal,
#Nepal,
#new,
#newmexico,new mexico
#NewMexico,new mexico
#news,
#News,
#NewYears2019,new years 2019
#NewYearsDay,new years day
#newyork,new york
#NewYork,new york
#NewZealand,new zealand
#NHS,
#Nigeria,
#night,
#nikon,
#Nikon,
#nikon300pf/f4,nikon
#nikond850,nikon
#nikonphotography,nikon
#Noalabandono,
#NoExtinctions,no extinctions
#nofilter,no filer
#NoGrizHunt,no grizzly hunt
#NONIO,
#nonprofit,non profit
#noovy,
#nopets,
#Norfolk,
#Northantsbirds,northants bird
#NorthCarolina,north carolina
#Northumberland,
#Norway,
#NotEntertainers,not entertainers
#noths,
#NOW,
#NoWall,no wall
#nra,
#NRA,
#NSW,
#nuts_about_birds,nuts about birds
#NY,new york
#NYbirding,new york birding
#nyc,new york
#NYC,new york
#NZ,new zealand
#Oaxaca,
#Obama,
#Occitania,
#ocean,
#Ocean,
#oceanconservation,ocean conservation
#oceanlife,ocean life
#oceanplastic,ocean plastic
#oceans,
#Oceans,
#octopus,
#Odisha,
#of,
#offgrid,off grid
#office,
#offroad,off road
"#Ogada,",
#ohio,
#oil,
#oilandgas,oil and gas
#oilpainting,oil painting
#onlineshopping,online shopping
#ontario,
#Ontario,
#ootd,
#OOTD,
#openaccess,open-access
#OpenAccess,open-access
#OpFunKill,
#OpMilagro,
#opossums,
#optoutside,
#orange,
#orangutan,
#Orangutan,
#orangutans,
#Orangutans,
#orca,
#orcas,
#Oregon,
#organic,
#original,
#originalart,
#orinthology,
#ornament,
#ornithology,
#Ornithology,
#OSN,
#osprey,
#Osprey,
#ostrich,
#otter,
#Otter,
#otters,
#Ourworldisworthsaving,our world is worth saving
#OurWorldIsWorthSaving,our world is worth saving
#outdoor,
#Outdoor,
#outdoorfun,outdoor fun
#outdoorlearning,outdoor learning
#outdoorlife,outdoor life
#outdoorliving,outdoor living
#outdoors,
#Outdoors,
#outdoorsman,outdoors man
#outside,
#overfishing,over fishing
#owl,
#Owl,
#owls,
#Owls,
#ozzymanreviews,
#p…,
#padi,
#paint,
#painting,
#Painting,
#paintings,
#Pakistan,
#paleontology,
#palmoil,palm oil
#PalmOil,palm oil
"#PalmOil,",palm oil
#panama,
#panda,
#pandas,
#pangolin,
#Pangolin,
#pangolins,
#Pangolins,
#panther,
#Panthera!,
#pantheraonca,panthera onca
#paper,
#paradise,
#parenting,
#Parents,
#park,
#Park,
#parks,
#Parks,
#parrot,
#parrots,
#party,
#pasionmorena,
#passion,
#pastel,
#Patagonia,
#Path,
#Patreon,
#pattern,
#paws,
#peace,
#Peace,
#peaceful,
#peacock,
#pelican,
#Peludos,
#Pembrokeshire,
#pen,
#Pench,
#pencil,
#pencilart,pencil art
#pencildrawing,pencil drawing
#Pendant,
#penguin,
#penguins,
#Penguins,
#people,
#PeopleAndPlanet,people and planet
#PeoplesWalkforWildlife,people walk for wildlife
#PeoplesWalkForWildlife,people walk for wildlife
#Perros,
#Peru,
#pesca,
#pestcontrol,pest control
#pesticides,
#PestoChampion,
#pet,
#PETA,
#petition,
#Petition,
#petouts,
#pets,
#Pets,
#petsagram,pet instagram
#petsagram#lovely,pet instagram lovely
#petsofinstagram,pet instagram
#petstagram,pet instagram
#pewpew,
#pga,
#PGA,
#PGAChamp,
#PGAChampionship,
#PGATour,
#PhD,
#phdlife,
#pheasant,
#Phil,
#Philippines,
#photo,
#Photo,
#photog,
#photograph,
#photographer,
#Photographer,
#photographers,
#photography,
#Photography,
#PHOTOGRAPHY,
#photography…,
#PhotographyIsArt,photography is art
#photographyislife,photography is life
#photooftheday,photo of the day
#PhotoOfTheDay,photo of the day
#photos,
#Photos,
#photosafari,photo safari
#photoshoot,
#photoshop,
#pic,
#picoftheday,picture of the day
#PicOfTheDay,picture of the day
#pics,
#Pics,
#picture,
#picturebooks,picture book
#pictures,
#Pictures,
#pink,
#planet,
#planetearth,planet earth
#planning,
#plant,
#PlantBank,plant bank
#plantbased,
#plants,
#plastic,
#Plastic,
#plasticfree,plastic free
#plasticpollution,plastic pollution
#PlasticPollution,plastic pollution
#plastics,
#plasticsoup,plastic soup
#plasticwaste,plastic waste
#plathond,
#play,
#playtime,
#pnw,
#poached,
#poacher,
#poachers,
#Poachers,
#poaching,
#Poaching,
"#poaching,",
"#Poaching,",
#poaching.,
#Poaching.,
#PoachingStealsFromUsAll,poaching steals from us all
#podcast,
#poetry,
"#poetry,",
#Poissons,
"#Poissons,",
#polarbear,polar bear
#polarbears,polar bear
#police,
#Police,
#policy,
#politics,
#pollinator,
#pollinators,
#pollution,
#Pollution,
#pond,
#poole,
#Poole,
#population,
#portrait,
#potd,
#poverty,
#power,
#Preda…,
#predator,
#Predator,
#predators,
#PredatorsUnderThreat,predators under threat
#PredatorsUnderThreat.,predators under threat
#preparedness,
#prepper,
#preppers,
#PrescientInfo,
#preservation,
#pretty,
#Pretty,
#pride,
#Prideland,
#primate,
#primates,
#print,
#prints,
#procreate,
#Produce48,
"#Produce48""",
#promo,
#PromoteTourismPromotePakistan,promote tourism promote pakistan
#promotion,
#property,
#Prose,
"#Prose,",
#protect,
#Protect,
#ProtectAllWildlife,protect all wildlife
#protectedareas,protected areas
#ProtectingOurWildlife,protecting our wildlife
#protection,
#ProtectLife,protect life
#ProtectOurWildlife,protect our wildlife
#ProtectTheArctic,protect the arctic
#protectwildlife,protect wildlife
#ProtectWildlife,protect wildlife
#Protest,
#Provença,
#PS4,
#PS4share,
#PSYCHOPATH!!,
#publiclands,public lands
#PublicLands,public lands
"#publiclands,",public lands
#puffin,
#puma,
#Puma,
"#puma,",
#pumas,
#puppies,
#puppy,
#Puppy,
#purr,
#quote,
#Quote,
#quotes,
#rabbit,
#rabbits,
#raccoon,
#racingextinction,racing extinction
#RacingExtinction,racing extinction
#Railsbank,
#rain,
#rainbow,
#rainforest,
#rajasthan,
#Rajasthan,
#Ramsgate,
#ranger,
#rangers,
#Rangers,
"#rangers,",
#ranthambore,
#Ranthambore,
#Raptiles,
#raptor,
#raptors,
#Raptors,
#rare,
#rays,
#rcbvsrh,
#Read,
#Read~Amazon,
#reading,
#realestate,
#realism,
#realtree,
#Realtree,
#rebel,
#recreation,
#recycle,
#Recycle,
#recycling,
#RecyclingSkills,recycling skills
#red,
#redbubble,
#reddeer,red deer
#redfox,red fox
#redneck,
#rednecks,
#redpanda,red panda
#redsquirrel,red squirrel
#redvelvet,
#reef,
#reflection,
#rehabilitation,
#relax,
#Relax,
#RememberingSudan,remembering sudan
#RenewableEnergy,renewable energy
#renewables,
#repost,
#Repost,
#reptile,
#reptiles,
#rescue,
#Rescue,
#rescued,
#research,
#Research,
#resist,
#Resist,
#Resistance,
#respect,
#Respect,
#restoration,
#Restoration,
#retro,
#retweet,
#Retweet,
#reuse,
#ReVeluv,
#revenge,
#Review,
#Reviews.,
#rEVolution,
#rewilding,
#Rewilding,
#RezLife,
#rhino,
#Rhino,
"#Rhino,",
#rhinoceros,
#rhinohorn,
#rhinos,
#Rhinos,
#richmondbc,
#richmondmoments,
#rifle,
#Rifle,
#rifles,
#RIN,
#RincóndelaVictoria,
#RIP,
#river,
#River,
#rivers,
#RoadsideVerges,
#roadtrip,
#roar,
#robin,
#Robin,
#robotics,
#rock,
#Rockabilly,
#Rodger,
#roman,
#rrbc,
#RRBC,
#rspb,
#RSPB,
#rt,
#RT,
#running,
#rural,
#Russia,
#RutaKalmankar,
#RV,
#Rwanda,
#s…,
#safari,
#Safari,
#safarilive,safari live
#safariLIVE,safari live
#safaris,
#safe,
#safety,
#Sagittaire,
"#Sagittaire,",
#Sagittaire.,
#sale,
#Sale,
#SalmanKhan,
#salmon,
#saltlife,
#sanctuary,
#Sanctuary,
#SanDiego,
#saturday,
#Saturday,
#SaturdayMorning,saturday morning
#SaturdayMotivation,saturday motivation
#SaturdayNight,Saturday night
#SaturdayThoughts,saturday thoughts
#Saudi,
#SaudiArabia,
#save,
#SaveAfricanWildlife,save african wildlife
#SaveBigCats,save big cats
#SaveElephants,save elephants
#SaveLife,save life
#SaveLions,save lions
#SaveLions.,save lions
#SaveMufasa,save lions
#SaveOurOcean,ve our ocean
#SaveOurOceans,ve our ocean
#SaveOurVillageThoradi,save our village
#savetheanimals,save the animals
#SavetheAnimals,save the animals
#SaveTheAnimals,save the animals
#savethebees,save the bees
#SaveTheBees,save the bees
#savetheelephants,save the elephants
#SaveTheElephants,save the elephants
#savetheplanet,save the planet
#SaveThePlanet,save the planet
#savetherhino,save the rhino
#savewildlife,save wildlife
#SaveWildlife,save wildlife
#SavingOurSpecies,saving our species
#savings,
#SC70,
#scenery,
#Scenery,
#Scenic,
#school,
#sciart,
#scicomm,
#SciComm,
#science,
#Science,
"#science,",
#scientific,
#scientists,
#Scorpion,
"#Scorpion,",
#scotland,
#Scotland,
#Scottish,
#scuba,
#scubadiving,scuba diving
#sculpture,
#SDG14,
#SDG15,
#SDGs,
#sea,
#seabird,
#seabirds,
#seagrass,
#seagull,
#seal,
#sealhunt,seal hunt
#sealife,
#sealion,
#seals,
#SeaShepherd,
#seaturtle,
#seaturtles,
#SeaTurtles,
#security,
#Security,
#seeds,
#selfdefense,slef defence
#selfhelp,
#selfie,
#serengeti,
#Serengeti,
#Seulgi,
#seulgifanart,
#seulrene,
#sexy,
#Shaggy,
#share,
#Share,
#shark,
#Shark,
#sharkfin,
#sharks,
#Sharks,
#sheep,
#sheeps,
#Sheffield,
#shirt,
#shoes,
#shoot,
#shooting,
#shop,
#shopping,
#shopsmall,
#Shopsmall,
#shorebirds,
#shotgun,
#Shropshire,
#shtf,
#sightseeing,
#Sikkim,
#silly,
#Singapore,
#sketch,
#sketchbook,
#sketching,
#skills,
#skull,
#skunkvisit,
#sky,
#Sky,
#Skye,
#SlashProtectAnimals,slash protect animals
#SlashProtectsAnimals,slash protect animals
#SlashWildLife,slash wildlife
#sleep,
#sloth,
#slug!,
#smallbiz,
#smallbusiness,
#smile,
#Smile,
#snake,
#snakes,
#SNAP,
#snorkeling,
#snow,
#Snow,
#snowday,
#snowleopard,snow leopard
#SnowLeopard,snow leopard
#SnowLeopardDay,snow leopard day
#snowleopards,snow leopard
#socialmedia,
#society6,
#softair,
#soil,
#soilhealth,soil health
#solar,
#Somerset,
#SorryNotSorry,sorry not sorry
"#SOTU,",
#southafrica,south africa
#SouthAfrica,south africa
#SouthAfrica.,south africa
#SouthAsia,south asia
#southern,
"#Soyou,",
#spain,
#Spain,
#sparrow,
#sparrows,
#special,
#specialneeds,special needs
#species,
#Species,
#species.,
#spider,
#spiders,
#spirit,
#sport,
#sports,
#sportsman,
#spring,
#Spring,
"#Springbreak2k18,",
#springwatch,
#Springwatch,
#squirrel,
#Squirrel,
#squirrels,
#Squirrels,
#srilanka,
#SriLanka,
#stag,
#StandForWolves,stand for wolves
#StandUpForTrees,stand up for trees
#starlings,
#startup,
#statue,
#staywild,
#steel_life,
#stem,
#STEM,
#StepWithJim,
#sticker,
#stone,
#StopAnimalCruelty,stop animal cruelty
#StopBadgerCrime,stop badger crime
#StopExtinction,stop extinction
#StopExtinction!,stop extinction
#StopHorseSlaughter,stop horse slaughter
#stophunting,stop hunting
#StopHunting,stop hunting
#stopkillingwildlife,stop killing wildlife
#stoppoaching,stop poaching
#StopPoaching,stop poaching
#stopthecull,stop the cull
#StopTheCull,stop the cull
#StopTheSlaughter,stop the slaughter
#StopTrophyHunting,stop trophy hunting
#stoptrophyimports,stop trophy imports
#story,
#storybook,
#streetart,
#StreetArt,
#streetstyle,
#StreetTrees,
#stripes,
#strong,
#stunning,
#Stunning,
#style,
#stylish,
#success,
#Sudan,
#suffolk,
#Suffolk,
#Sumatran,
#sumatrantiger,sumatran tiger
#summer,
#Summer,
#sun,
#sunday,
#Sunday,
#sundayfunday,Sunday funday
#SundayFunday,Sunday funday
#SundayMorning,Sunday morning
#SundayMotivation,Sunday motivation
#SundayThoughts,Sunday thoughts
#Sunrays,
#sunrise,
#Sunrise,
#sunset,
#Sunset,
#sunsets,
#sunshine,
#SuperBowl.,
#supervivencia,
#support,
#surfing,
#surveys,
#survival,
#Survival,
#survivalist,
#sustainability,
#Sustainability,
#sustainable,
#Sustainable,
#SUV,
#swan,
#swans,
#Swans,
#Sweden,
#sweepstakes,
#sweet,
#swim,
#swimming,
#sydney,
#tabby,
#tactical,
#tacticalgear,
#TAEMIN,
#TAEMIN_1stJapanTour_SIRIUS,
#takahe,
#tanzania,
#Tanzania,
#TanzaniaSafari,tanzania safari
#tattoo,
#tattoos,
#Taureau,
"#Taureau,",
#Taureau.,
#taxidermy,
#tbt,
#TBT,
#tea,
#tech,
#technology,
#tembeakenya,
#Tesla,
#texas,
#Texas,
#tgif,
#thailand,
#Thailand,
#Thala,
#Thanet,
#Thanksgiving,
#thankyou,
#ThatsWY,
#the,
#thebigcatsanctuary,the big cat sanctuary
#thebigwhitelie,the big white lie
#thedailysketch,the daily sketch
#thegreatoutdoors,the great outdoors
#TheMaskedSinger,
#TheMasters,
#TheMatch,
#TheMoreYouKnow,
#ThePhotoHour,
#ThingsIWouldBan,
#ThinkGreen,
#ThoughtForTheDay,
#ThoughtOfTheDay,
#threatenedspecies,threatened species
#thriller,
#throwback,
#throwbackthursday,throwback Thursday
#ThrowbackThursday,throwback Thursday
#thursday,
#ThursdayMotivation,Thursday motivation
#ThursdayThoughts,Thursday thoughts
#tiger,
#Tiger,
#TIGER,
#tiger&amp;bunny,
#TIGER&amp;BUNNY,
"#tiger,",
"#Tiger,",
#Tiger.,
#tiger…,
#TigerDay,tiger day
#tigerlove,tiger love
#tigers,
#Tigers,
"#tigers,",
#tigers.,
#TigerShroff,
#tigertattoo,
#tigerwoods,
#TigerWoods,
#TigerZindaHai,
#tigre,
#tigress,
#Tigress,
#timber,
#TimeToBeKind,time to be kind
#today,
#tokyo,
#tollfree,
#Tolosa,
#TongueOutTuesday,tongue out Tuesday
"#TOPGENENERGY,",
#Toronto,
#tortoise,
#tour,
#tourism,
#Tourism,
#tourist,
#tours,
#Tours,
#toys,
#trade,
#traditional,
#traditionalart,traditional art
#trafficking,
#trail,
#trailcam,trail camera
#trailcamera,trail camera
#trailcamology,trail camera
#TrailHuntLies,trail hunt lies
#trails,
#training,
#Training,
#trapping,
#travel,
#Travel,
#travelafrica,travel africa
#travelblog,travel blog
#travelblogger,travel blog
#traveler,
#travelgram,travel instagram
#traveling,
#Traveling,
#traveller,
#travelling,
#Travelling,
#travellove,
#travelphotography,travel photography
#TravelPhotography,travel photography
#travels,
#Travels,
#TravelTips,travel tips
#TravelTuesday,travel Tuesday
#tree,
#Tree,
#trees,
#Trees,
"#trees,",
#trekking,
#Trekking,
#trending,
#trip,
#trophy,
#trophyhunter,trophy hunter
#Trophyhunter,trophy hunter
#TrophyHunter,trophy hunter
#trophyhunters,trophy hunter
#TrophyHunters,trophy hunter
#trophyhunters.,trophy hunter
#TrophyHuntersLies,trophy hunter lies
#TrophyHunterTruths,trophy hunter truth
#trophyhunting,trophy hunting
#Trophyhunting,trophy hunting
#TrophyHunting,trophy hunting
#TrophyHunting!,trophy hunting
#trophyhunting!!,trophy hunting
"#TrophyHunting,",trophy hunting
#trophyhunting.,trophy hunting
#TrophyHunting.,trophy hunting
#tropical,
#trout,
#troutfishing,trout fishing
#trucks,
#trukking,
#trump,
#Trump,
#Trump's,
#Truth,
#tshirt,
#tshirts,
#ttot,
#TTOT,
#tuesday,
#TuesdayMotivation,Tuesday motivation
#TuesdayThoughts,Tuesday thoughts
#turkey,
#Turkey,
#turkeyhunting,turkey hunting
#turkeys,
#turkeyseason,turkey season
#turki_pics,
#turtle,
#Turtle,
#turtles,
#Turtles,
"#turtles,",
#TW,
#TWICE,
#twitch,
#twitter,
#Twitter,
#TwitterNatureCommunity,twitter nature community
#UAE,
#uganda,
#Uganda,
#uk,
#UK,
#UKBadgers,uk badgers
#Ukraine,
#ukwildlife,uk wildlife
#UN,
#underwater,
#underwaterphotography,underwater photography
#UNESCO,
#unique,
#UnitedPeople4Mustangs,united people for mustangs
#UnKn0wn,
#urban,
#urbangreening,urban greening
#urbanwildlife,urban wildlife
#US,
#usa,
#USA,
#ussr,
#Utah,
#Uttarakhand,
#UttarPradesh,
#v,
#vacation,
#Vacation,
#Vacations,
#ValentinesDay,
#ValsparChampionship,
#vancouver,
#Vancouver,
#vancouverbirds,vancouver birds
#vaquita,
#vegan,
#Vegan,
#veganism,
#vegetarian,
#venison,
#vents,
#Verseau,
#Verseau),
"#Verseau,",
#Verseau...,
#veterans,
#Veterans,
#vetpaw,
#video,
#Video,
#videos,
#Vierge,
"#Vierge,",
#Vietnam,
#view,
#viking,
#vintage,
#Vintage,
#vinyl,
#vinylstickers,
#Virginia,
#Virunga,
#visitkerala,
#visitmunnar,
#VisitRwanda,
#VisitZimbabwe,
#Viswasam,
#VitalScience,
#volunteer,
#volunteering,
#volunteers,
#vote,
#Vote,
#vss365,
#vulture,
#vultures,
#w…,
#W…,
#WA,
#waders,
#wales,
#Wales,
#walk,
#WalkForElephants,walk for elephants
#walking,
#wallart,
#WallArt,
#walldecor,
#wallpaper,
#wallpapers,
#WALLS.,
#wander,
#wanderer,
#wanderers_ink,
#wanderlust,
#Wanderlust,
#warbler,
#Wars,
#waste,
#water,
#Water,
#waterbirds,
#watercolor,watercolour
#watercolorpainting,watercolour
#watercolors,watercolour
#watercolors.,watercolour
#watercolour,watercolour
#watercolourpainting,watercolour
#watercolours,watercolour
#watercoloursbyrachel,watercolour
#WaterDay,water day
#WaterDay2019,water day
#waterfall,
#waterfalls,
#waterfowl,
#waterfowlhunting,waterfowl hunting
#WaterIsLife,water is life
#waves,
#WAwolves,
#WDYT,
#wealth,
#weather,
#Weather,
#webcomic,
#wedding,
#weddinggift,
#wednesday,
#WednesdayMotivation,Wednesday motivation
#WednesdayWisdom,Wednesday wisdom
#weekend,
#weekendvibes,weekend vibes
#weird,
#wellbeing,
#wellness,
#wescience,we science
#WeStandTogether,we stand together
#western,
#wetland,
#wetlands,
#Wetlands,
#whale,
#Whale,
#whales,
#Whales,
"#whales,",
#whalewatching,whale watching
#whaling,
"#Whaling,",
#whatgetsyououtdoors,what gets you outdoors
#WhatGetsYouOutdoors,what gets you outdoors
#WhatsWrongWithWY,whats wrong with wyoming
#white,
#whitelion,white lion
#whitetail,
#Whitetail,
#whitetaildeer,whitetail deer
#whitetailhunting,whitetail hunting
#whitetails,
#whitetiger,
#wi…,
#Wi…,
#wil…,
#Wil…,
#wild,wild
#Wild,wild
#wild…,wild
#Wild…,wild
#wildandfree,wild and free
#wildanimal,wild animal
#wildanimals,wild animal
#WildAnimals,wild animal
#wildbird,wild bird
#wildbirds,wild bird
#wildboar,
#wildcat,
#wildcats,
#wildchild,
#wilderness,
#Wilderness,
"#Wilderness,",
#wildernessculture,wilderness culture
#wildfires,
#wildflower,
#wildflowerhour,wildflower hour
#wildflowers,
#WildForLife,wild for life
#wildgame,wild game
#wildgeography,wild geography
#wildhorses,wild horses
#WildHorses,wild horses
#WildID,wild id
#wildl…,wildlife
#wildli…,wildlife
#wildlif…,wildlife
#wildlife,wildlife
#Wildlife,wildlife
#WildLife,wildlife
#WILDLIFE,wildlife
#wildlife!,
#Wildlife!,
"#wildlife,",
"#Wildlife,",
#wildlife.,
#Wildlife.,
#wildlife:,
#Wildlife:,
#wildlife;,
#wildlife?,
#wildlife?<U+0001F98F>,
#wildlife_perfection,wildlife perfection
#wildlife_seekers,wildlife seekers
#wildlife<U+0001F44A>,
#wildlife…,wildlife
#Wildlife…,wildlife
#wildlife…#wwweek,wildlife
#wildlifeaddicts,wildlife addicts
#wildlifeart,wildlife art
#wildlifeartist,wildlife artist
#wildlifeconservation,wildlife conservation
#WildlifeConservation,wildlife conservation
#wildlifecrime,wildlife crime
#WildlifeCrime,wildlife crime
#WildlifeCrime!,wildlife crime
#wildlifecrime.,wildlife crime
#wildlifegarden,wildlife garden
#wildlifelovers,wildlife garden
#wildlifeonearth,wildlife garden
#wildlifephoto,wildlife photo
#wildlifephotographer,wildlife photographer
#wildlifephotography,wildlife photography
#Wildlifephotography,wildlife photography
#WildlifePhotography,wildlife photography
#wildlifephotography…,wildlife photography
#wildlifeplanet,wildlife planet
#WildlifeRefuge,wildlife refuge
#wildliferescue,wildlife rescue
#WildlifeTerrorism.,wildlife terrorism
#wildlifetrade,wildlife trade
#WildlifeTrade,wildlife trade
#WildlifeTraffic…,wildlife traffic
#wildlifetrafficking,wildlife trafficking
#WildlifeTrafficking,wildlife trafficking
#wildlifewednesday,wildlife Wednesday
#WildlifeWednesday,wildlife Wednesday
#wildnature,wild nature
#wildoz,wild australia
#WildOz,wild australia
#wildplanet,wild planet
#win,
#WIN,
#wine,
#wings,
#winter,
#Winter,
#winterwatch,
#Winterwatch,
#winwithism,
#wip,
#Wisconsin,
#Wisdom,
#wolf,
#Wolf,
#wolves,
#Wolves,
#woman,
#women,
#womeninscience,women in science
"#WomensDay,",womens day
#WomensHistoryMonth,womens history month
#wonderful,
#wonderwoman,
#WonderWoman,
#WonderWoman2,
#wood,
#woodburyoutfitters,woodbury outfitters
#woodland,
#Woodland,
#woodpecker,
#woods,
#Woods,
#woodworking,
#WoolseyFire,
#work,
#workinprogress,work in progress
#workout,
#workshop,
#world,
#World,
#WorldAnimalDay,world animal day
#WorldBeeDay,world bee day
#worldelephantday,world elephant day
#WorldElephantDay,world elephant day
#WorldEnvironmentDay,world environmental day
#WorldGiraffeDay,world giraffe day
#WorldGiraffeDay!,world giraffe day
#WorldLionDay,world lion day
#WorldLionDay!,world lion day
#WorldPangolinDay,world pangolin day
#WorldRangerDay,world ranger day
#WorldRangerDay!,world ranger day
"#WorldRangerDay,",world ranger day
#WorldRangerDay2018,world ranger day
#WorldRhinoDay,world rhino day
#WorldTigerDay,world tiger day
#worldtravel,world travel
#WorldWaterDay,world water day
#WorldWaterDay!,world water day
#WorldWildlifeConference,world wildlife conference
#worldwildlifeday,world wildlife day
#WorldWildlifeDay,world wildlife day
#WorldWildLifeDay,world wildlife day
#WorldWildlifeDay!,world wildlife day
"#WorldWildlifeDay,",world wildlife day
#WorldWildlifeDay.,world wildlife day
#WorldWildlifeDay:,world wildlife day
#WorldWildlifeDay;,world wildlife day
#WorldWildlifeDay?,world wildlife day
#WorldWildlifeDay…,world wildlife day
#WorldWildlifeDay2018,world wildlife day
#WorldWildlifeDay2019,world wildlife day
#WorlRangerDay2018,world ranger day
#worthmorealive,worth more alive
#WorthMoreAlive,worth more alive
#WorthMoreAlive!,worth more alive
#WorthMoreAlive!!,worth more alive
#wow,
#wren,
#writer,
#writing,
#WW84,
#WWD2018,world wildlife day
#WWD2019,world wildlife day
#wwf,world wildlife fund
#WWF,world wildlife fund
#wyoming,
#Wyoming,
#xmascard,
#XR,
#yearofthebird,year of the bird
#yeg,
#yellow,
#Yellowstone,
#yoga,
#yorkshire,
#Yorkshire,
#YoungVoices,youndg voices
#your_best_birds,your best birds
#YouShouldKnow,you should know
#youth,
#youtube,
#YouTube,
#yyc,
#Zambia,
#ZanuPF,
#zazzle,
#Zazzle,
#zebra,
#Zebra,
#zen,
#Zen,
#zeroplastic,zero plastic
#zerowaste,
#zimbabwe,
#Zimbabwe,
#ZimbabweElephants,zimbabwe elephants
#ZimWildTrade,zimbabwe wild trade
#zoo,
#Zoo,
#zoo<U+FFFC>.,
#zoology,
#zoophotography,zoo photography
#Zoorasia,
#zoos,
#Zuckerberg,
#zwf,
#zwfmiami,
